{
    "mean": 0.880576759966073,
    "std": 0.002978901417434619,
    "min": 0.8773779231794498,
    "max": 0.8855688840421665,
    "scores": [
        0.8855688840421665,
        0.8773779231794498,
        0.8806252271901127,
        0.877717193747728,
        0.8815945716709076
    ]
}