{
    "mean": 0.8859857021689084,
    "std": 0.0359256229102776,
    "min": 0.8503332121652732,
    "max": 0.9323155216284987,
    "scores": [
        0.8597843208530231,
        0.8603659275415001,
        0.9271295286562462,
        0.8503332121652732,
        0.9323155216284987
    ]
}