{
    "mean": 0.8897322185871804,
    "std": 0.026381909899677192,
    "min": 0.868484187568157,
    "max": 0.940942687507573,
    "scores": [
        0.940942687507573,
        0.868484187568157,
        0.8713437537865019,
        0.8846237731733915,
        0.8832666909002787
    ]
}