{
    "mean": 0.8950006058403005,
    "std": 0.03899463755702324,
    "min": 0.8620622803828911,
    "max": 0.9436083848297588,
    "scores": [
        0.9436083848297588,
        0.8620622803828911,
        0.941887798376348,
        0.8640252029565006,
        0.8634193626560038
    ]
}