{
    "mean": 0.8578940991154731,
    "std": 0.008966606735982072,
    "min": 0.8465043014661335,
    "max": 0.872264631043257,
    "scores": [
        0.8536774506240155,
        0.8633708954319641,
        0.8536532170119956,
        0.872264631043257,
        0.8465043014661335
    ]
}