{
    "mean": 0.8677911062643886,
    "std": 0.01012552811220628,
    "min": 0.8538228522961347,
    "max": 0.8798982188295166,
    "scores": [
        0.8798982188295166,
        0.8738155822125288,
        0.8538228522961347,
        0.8577729310553738,
        0.8736459469283897
    ]
}