{
    "mean": 0.8623191566703017,
    "std": 0.016777289268689835,
    "min": 0.836980491942324,
    "max": 0.8791954440809403,
    "scores": [
        0.8476917484551072,
        0.8738640494365685,
        0.8738640494365685,
        0.8791954440809403,
        0.836980491942324
    ]
}