{
    "mean": 0.855640373197625,
    "std": 0.015515803582594044,
    "min": 0.8394038531443112,
    "max": 0.8814491699987883,
    "scores": [
        0.8814491699987883,
        0.8394038531443112,
        0.8651884163334544,
        0.8461892645098752,
        0.8459711620016963
    ]
}