{
    "mean": 0.8507984975160546,
    "std": 0.005930225810027241,
    "min": 0.8464316006300739,
    "max": 0.8615533745304738,
    "scores": [
        0.8464800678541137,
        0.8465770023021931,
        0.8615533745304738,
        0.8529504422634193,
        0.8464316006300739
    ]
}