{
    "mean": 0.8453313946443718,
    "std": 0.020252379712590134,
    "min": 0.8118502362777172,
    "max": 0.8718041924148794,
    "scores": [
        0.846043862837756,
        0.8586938083121289,
        0.8118502362777172,
        0.8718041924148794,
        0.8382648733793772
    ]
}