{
    "mean": 0.911498848903429,
    "std": 0.04167357524998818,
    "min": 0.8640494365685205,
    "max": 0.9755725190839695,
    "scores": [
        0.9755725190839695,
        0.8640494365685205,
        0.8799466860535563,
        0.9436568520537986,
        0.8942687507573004
    ]
}