{
    "mean": 0.9050817884405671,
    "std": 0.037739045002548405,
    "min": 0.8617472434266328,
    "max": 0.9609838846480068,
    "scores": [
        0.8860535562825639,
        0.9377680843329699,
        0.8617472434266328,
        0.9609838846480068,
        0.8788561735126621
    ]
}