{
    "mean": 0.8197455470737914,
    "std": 0.035424380063340984,
    "min": 0.775669453532049,
    "max": 0.8656246213498122,
    "scores": [
        0.8656246213498122,
        0.775669453532049,
        0.8575790621592149,
        0.7976978068581122,
        0.8021567914697686
    ]
}