{
    "mean": 0.8190960862716589,
    "std": 0.03600272831415471,
    "min": 0.7844420210832425,
    "max": 0.8639767357324609,
    "scores": [
        0.8008481764206955,
        0.7844420210832425,
        0.8611898703501757,
        0.8639767357324609,
        0.7850236277717194
    ]
}