{
    "mean": 0.6474494123349085,
    "std": 0.043451651605470105,
    "min": 0.5612019871561856,
    "max": 0.6760935417423967,
    "scores": [
        0.6760935417423967,
        0.5612019871561856,
        0.6623773173391494,
        0.6736701805404095,
        0.6639040348964013
    ]
}