{
    "mean": 0.8727541500060584,
    "std": 0.03406023056914525,
    "min": 0.8392826850842118,
    "max": 0.937549981824791,
    "scores": [
        0.937549981824791,
        0.8721434629831576,
        0.8392826850842118,
        0.8552041681812674,
        0.8595904519568641
    ]
}