{
    "mean": 0.6913994910941476,
    "std": 0.013540727565332845,
    "min": 0.6721192293711378,
    "max": 0.7137525748212771,
    "scores": [
        0.6951653944020356,
        0.6721192293711378,
        0.6860050890585242,
        0.6899551678177632,
        0.7137525748212771
    ]
}