{
    "mean": 0.7786162607536653,
    "std": 0.02953324993338814,
    "min": 0.7558948261238337,
    "max": 0.834339028232158,
    "scores": [
        0.7638919180903914,
        0.7558948261238337,
        0.782818369077911,
        0.834339028232158,
        0.7561371622440325
    ]
}