{
    "mean": 0.8965467102871683,
    "std": 0.042836258288495056,
    "min": 0.8616745425905731,
    "max": 0.9791590936629104,
    "scores": [
        0.8964255422270689,
        0.8725796679995154,
        0.9791590936629104,
        0.8728947049557737,
        0.8616745425905731
    ]
}