{
    "mean": 0.8383375742154368,
    "std": 0.04242852738387238,
    "min": 0.7924875802738398,
    "max": 0.8943656852053798,
    "scores": [
        0.806979280261723,
        0.8943656852053798,
        0.7924875802738398,
        0.8846480067854113,
        0.81320731855083
    ]
}