{
    "mean": 0.8527226463104325,
    "std": 0.0035957519610208405,
    "min": 0.8505513146734521,
    "max": 0.8598812553011026,
    "scores": [
        0.8505513146734521,
        0.8598812553011026,
        0.8513752574821277,
        0.8505513146734521,
        0.8512540894220284
    ]
}