{
    "mean": 0.9173246092330063,
    "std": 0.03189387362742617,
    "min": 0.8746637586332243,
    "max": 0.9472676602447595,
    "scores": [
        0.9412334908518115,
        0.9472676602447595,
        0.9411850236277717,
        0.8822731128074639,
        0.8746637586332243
    ]
}