{
    "mean": 0.8559796437659033,
    "std": 0.030619584505330717,
    "min": 0.8052102265842724,
    "max": 0.8819096086271658,
    "scores": [
        0.8358172785653701,
        0.8052102265842724,
        0.8815461044468678,
        0.8819096086271658,
        0.8754150006058403
    ]
}