{
    "mean": 0.643412092572398,
    "std": 0.013227313708769152,
    "min": 0.6276990185387132,
    "max": 0.6614806736944141,
    "scores": [
        0.6276990185387132,
        0.6489034290561008,
        0.6614806736944141,
        0.6285229613473888,
        0.6504543802253726
    ]
}