{
    "mean": 0.8539391736338301,
    "std": 0.003342741961778818,
    "min": 0.8511813885859687,
    "max": 0.858306070519811,
    "scores": [
        0.8512056221979886,
        0.858306070519811,
        0.8512540894220284,
        0.8511813885859687,
        0.8577486974433539
    ]
}