{
    "mean": 0.8477499091239549,
    "std": 0.003049570677579306,
    "min": 0.8438870713679874,
    "max": 0.8504786138373924,
    "scores": [
        0.8500424088210348,
        0.8438870713679874,
        0.844153641100206,
        0.850187810493154,
        0.8504786138373924
    ]
}