{
  "unit": [37271, 0.903210953592633],
  "max": [37402, 0.9063855567672362],
  "max_pow": [36113, 0.8751484308736217],
  "sum": [37354, 0.9052223433902823],
  "sum_pow": [35918, 0.8704228765297468]
}
